"alert__week","alert__year","alert__count","confidence__cat"
52,2023,9,"n"
41,2023,2,"h"
41,2023,2,"l"
41,2023,55,"n"
40,2023,3,"l"
40,2023,5,"h"
40,2023,216,"n"
39,2023,175,"n"
39,2023,3,"l"
39,2023,2,"h"
38,2023,8,"l"
38,2023,76,"n"
37,2023,200,"n"
37,2023,11,"l"
37,2023,2,"h"
36,2023,108,"n"
36,2023,4,"l"
35,2023,12,"l"
35,2023,5,"h"
35,2023,241,"n"
34,2023,153,"n"
34,2023,4,"h"
34,2023,6,"l"
33,2023,2,"h"
33,2023,115,"n"
33,2023,4,"l"
32,2023,1,"h"
32,2023,334,"n"
32,2023,8,"l"
31,2023,8,"l"
31,2023,36,"h"
31,2023,427,"n"
30,2023,421,"n"
30,2023,9,"l"
30,2023,7,"h"
29,2023,5,"l"
29,2023,195,"n"
28,2023,5,"l"
28,2023,121,"n"
27,2023,1,"h"
27,2023,77,"n"
27,2023,1,"l"
26,2023,178,"n"
26,2023,2,"l"
26,2023,1,"h"
25,2023,12,"l"
25,2023,246,"n"
25,2023,1,"h"
24,2023,161,"n"
24,2023,1,"h"
24,2023,1,"l"
23,2023,136,"n"
23,2023,1,"l"
22,2023,2,"h"
22,2023,9,"l"
22,2023,291,"n"
21,2023,3,"h"
21,2023,205,"n"
21,2023,2,"l"
20,2023,1,"h"
20,2023,3,"l"
20,2023,188,"n"
19,2023,12,"l"
19,2023,240,"n"
19,2023,2,"h"
18,2023,2,"l"
18,2023,89,"n"
17,2023,3,"l"
17,2023,1,"h"
17,2023,173,"n"
16,2023,7,"l"
16,2023,6,"h"
16,2023,250,"n"
15,2023,11,"h"
15,2023,373,"n"
15,2023,25,"l"
14,2023,3,"l"
14,2023,3,"h"
14,2023,167,"n"
13,2023,2,"h"
13,2023,218,"n"
13,2023,10,"l"
12,2023,158,"n"
12,2023,12,"l"
11,2023,35,"l"
11,2023,276,"n"
11,2023,3,"h"
10,2023,3,"h"
10,2023,203,"n"
10,2023,6,"l"
9,2023,35,"n"
9,2023,2,"l"
8,2023,97,"n"
8,2023,1,"l"
7,2023,11,"l"
7,2023,107,"n"
6,2023,45,"n"
6,2023,2,"l"
5,2023,25,"n"
4,2023,8,"n"
3,2023,75,"n"
3,2023,1,"h"
3,2023,1,"l"
2,2023,1,"l"
2,2023,90,"n"
2,2023,1,"h"
1,2023,37,"n"
52,2022,2,"l"
52,2022,43,"n"
51,2022,27,"n"
50,2022,40,"n"
49,2022,32,"n"
48,2022,2,"h"
48,2022,64,"n"
48,2022,2,"l"
47,2022,1,"h"
47,2022,6,"l"
47,2022,54,"n"
46,2022,14,"n"
45,2022,40,"n"
45,2022,1,"l"
44,2022,17,"n"
43,2022,1,"l"
43,2022,13,"n"
42,2022,31,"n"
41,2022,1,"h"
41,2022,51,"n"
40,2022,11,"n"
39,2022,4,"l"
39,2022,103,"n"
39,2022,6,"h"
38,2022,206,"n"
38,2022,3,"l"
38,2022,2,"h"
37,2022,135,"n"
37,2022,2,"l"
36,2022,1,"l"
36,2022,33,"n"
35,2022,1,"l"
35,2022,76,"n"
34,2022,62,"n"
34,2022,3,"h"
30,2022,15,"n"
29,2022,1,"h"
29,2022,401,"n"
29,2022,6,"l"
28,2022,100,"n"
28,2022,2,"l"
27,2022,1,"h"
27,2022,139,"n"
27,2022,3,"l"
26,2022,5,"h"
26,2022,4,"l"
26,2022,189,"n"
25,2022,142,"n"
24,2022,136,"n"
24,2022,4,"l"
23,2022,4,"l"
23,2022,102,"n"
22,2022,2,"l"
22,2022,1,"h"
22,2022,174,"n"
21,2022,141,"n"
21,2022,2,"l"
20,2022,1,"l"
20,2022,124,"n"
20,2022,1,"h"
19,2022,78,"n"
19,2022,1,"l"
18,2022,83,"n"
17,2022,1,"h"
17,2022,117,"n"
17,2022,2,"l"
16,2022,108,"n"
16,2022,6,"l"
16,2022,2,"h"
15,2022,3,"l"
15,2022,159,"n"
14,2022,54,"n"
14,2022,1,"l"
13,2022,131,"n"
13,2022,18,"l"
12,2022,107,"n"
12,2022,1,"h"
12,2022,5,"l"
11,2022,4,"l"
11,2022,51,"n"
10,2022,9,"l"
10,2022,93,"n"
9,2022,4,"l"
9,2022,67,"n"
8,2022,1,"l"
8,2022,46,"n"
7,2022,67,"n"
7,2022,4,"l"
6,2022,41,"n"
5,2022,4,"l"
5,2022,140,"n"
4,2022,8,"l"
4,2022,202,"n"
3,2022,2,"l"
3,2022,147,"n"
2,2022,154,"n"
2,2022,2,"h"
2,2022,16,"l"
1,2022,1,"l"
1,2022,63,"n"
53,2021,5,"n"
52,2021,38,"n"
52,2021,4,"l"
51,2021,42,"n"
51,2021,1,"l"
50,2021,29,"n"
49,2021,59,"n"
49,2021,3,"l"
48,2021,5,"h"
48,2021,63,"n"
48,2021,3,"l"
47,2021,28,"n"
46,2021,3,"l"
46,2021,189,"n"
45,2021,19,"n"
44,2021,62,"n"
43,2021,52,"n"
43,2021,2,"l"
43,2021,2,"h"
42,2021,65,"n"
41,2021,257,"n"
41,2021,4,"h"
41,2021,7,"l"
40,2021,14,"l"
40,2021,246,"n"
40,2021,5,"h"
39,2021,2,"l"
39,2021,62,"n"
38,2021,24,"l"
38,2021,149,"n"
37,2021,10,"h"
37,2021,169,"n"
37,2021,7,"l"
36,2021,2,"h"
36,2021,7,"l"
36,2021,135,"n"
35,2021,72,"n"
35,2021,1,"l"
34,2021,81,"n"
34,2021,2,"l"
33,2021,1,"h"
33,2021,1,"l"
33,2021,44,"n"
32,2021,174,"n"
32,2021,5,"l"
31,2021,7,"l"
31,2021,340,"n"
31,2021,9,"h"
30,2021,14,"l"
30,2021,10,"h"
30,2021,571,"n"
29,2021,29,"h"
29,2021,17,"l"
29,2021,687,"n"
28,2021,4,"l"
28,2021,114,"n"
27,2021,2,"h"
27,2021,85,"n"
26,2021,1,"l"
26,2021,110,"n"
25,2021,3,"l"
25,2021,126,"n"
25,2021,2,"h"
24,2021,119,"n"
24,2021,1,"l"
23,2021,110,"n"
23,2021,1,"l"
22,2021,1,"l"
22,2021,239,"n"
21,2021,7,"l"
21,2021,160,"n"
20,2021,1,"l"
20,2021,37,"n"
19,2021,111,"n"
19,2021,1,"l"
18,2021,52,"n"
17,2021,2,"h"
17,2021,4,"l"
17,2021,95,"n"
16,2021,242,"n"
16,2021,3,"h"
16,2021,8,"l"
15,2021,164,"n"
15,2021,5,"l"
14,2021,1,"h"
14,2021,132,"n"
14,2021,4,"l"
13,2021,113,"n"
13,2021,2,"h"
13,2021,6,"l"
12,2021,29,"n"
11,2021,305,"n"
11,2021,31,"l"
11,2021,1,"h"
10,2021,49,"l"
10,2021,347,"n"
10,2021,7,"h"
9,2021,10,"l"
9,2021,9,"h"
9,2021,465,"n"
8,2021,114,"l"
8,2021,15,"h"
8,2021,725,"n"
7,2021,3,"h"
7,2021,34,"l"
7,2021,328,"n"
6,2021,2,"h"
6,2021,159,"n"
6,2021,2,"l"
5,2021,1,"h"
5,2021,111,"n"
5,2021,7,"l"
4,2021,1,"l"
4,2021,74,"n"
3,2021,1,"l"
3,2021,40,"n"
2,2021,10,"n"
1,2021,20,"n"
53,2020,40,"n"
53,2020,2,"l"
52,2020,45,"n"
51,2020,13,"n"
50,2020,36,"n"
49,2020,42,"n"
48,2020,12,"n"
47,2020,47,"n"
47,2020,2,"l"
46,2020,1,"h"
46,2020,75,"n"
45,2020,26,"n"
44,2020,62,"n"
44,2020,1,"h"
43,2020,2,"h"
43,2020,59,"n"
43,2020,2,"l"
42,2020,78,"n"
42,2020,1,"l"
41,2020,58,"n"
40,2020,129,"n"
40,2020,4,"l"
40,2020,1,"h"
39,2020,114,"n"
39,2020,1,"l"
39,2020,1,"h"
38,2020,83,"n"
38,2020,1,"l"
37,2020,2,"l"
37,2020,103,"n"
36,2020,121,"n"
36,2020,1,"h"
35,2020,392,"n"
35,2020,12,"l"
35,2020,2,"h"
34,2020,234,"n"
34,2020,4,"h"
34,2020,8,"l"
33,2020,1,"h"
33,2020,2,"l"
33,2020,277,"n"
32,2020,6,"l"
32,2020,9,"h"
32,2020,318,"n"
31,2020,24,"n"
30,2020,99,"n"
29,2020,2,"l"
29,2020,118,"n"
29,2020,6,"h"
28,2020,67,"n"
28,2020,1,"l"
27,2020,73,"n"
27,2020,1,"l"
26,2020,34,"n"
26,2020,1,"l"
25,2020,59,"n"
24,2020,1,"h"
24,2020,103,"n"
23,2020,1,"l"
23,2020,70,"n"
22,2020,4,"h"
22,2020,132,"n"
22,2020,1,"l"
21,2020,1,"l"
21,2020,1,"h"
21,2020,101,"n"
20,2020,120,"n"
20,2020,2,"l"
20,2020,3,"h"
19,2020,117,"n"
19,2020,3,"l"
19,2020,1,"h"
18,2020,52,"n"
18,2020,2,"l"
17,2020,8,"h"
17,2020,1,"l"
17,2020,281,"n"
16,2020,20,"h"
16,2020,492,"n"
16,2020,29,"l"
15,2020,15,"l"
15,2020,318,"n"
15,2020,2,"h"
14,2020,31,"l"
14,2020,14,"h"
14,2020,437,"n"
13,2020,9,"h"
13,2020,332,"n"
13,2020,23,"l"
12,2020,15,"h"
12,2020,607,"n"
12,2020,87,"l"
11,2020,546,"n"
11,2020,33,"l"
11,2020,15,"h"
10,2020,2,"h"
10,2020,247,"n"
9,2020,475,"n"
9,2020,15,"h"
9,2020,51,"l"
8,2020,6,"h"
8,2020,376,"n"
8,2020,7,"l"
7,2020,10,"l"
7,2020,4,"h"
7,2020,176,"n"
6,2020,5,"h"
6,2020,324,"n"
6,2020,9,"l"
5,2020,5,"l"
5,2020,3,"h"
5,2020,192,"n"
4,2020,12,"h"
4,2020,291,"n"
4,2020,7,"l"
3,2020,7,"h"
3,2020,1,"l"
3,2020,223,"n"
2,2020,2,"l"
2,2020,87,"n"
2,2020,2,"h"
1,2020,1,"h"
1,2020,99,"n"
1,2020,2,"l"
52,2019,149,"n"
52,2019,4,"h"
52,2019,6,"l"
51,2019,74,"n"
51,2019,1,"l"
51,2019,2,"h"
50,2019,2,"h"
50,2019,51,"n"
50,2019,4,"l"
49,2019,56,"n"
49,2019,1,"l"
48,2019,71,"n"
47,2019,65,"n"
47,2019,2,"h"
47,2019,4,"l"
46,2019,3,"l"
46,2019,4,"h"
46,2019,142,"n"
45,2019,2,"h"
45,2019,61,"n"
44,2019,72,"n"
44,2019,3,"l"
44,2019,1,"h"
43,2019,78,"n"
43,2019,1,"l"
42,2019,2,"l"
42,2019,3,"h"
42,2019,152,"n"
41,2019,2,"h"
41,2019,151,"n"
41,2019,1,"l"
40,2019,156,"n"
40,2019,5,"l"
40,2019,5,"h"
39,2019,7,"h"
39,2019,341,"n"
39,2019,11,"l"
38,2019,526,"n"
38,2019,17,"l"
38,2019,24,"h"
37,2019,4,"h"
37,2019,485,"n"
37,2019,16,"l"
36,2019,32,"l"
36,2019,691,"n"
36,2019,36,"h"
35,2019,4,"h"
35,2019,18,"l"
35,2019,303,"n"
34,2019,416,"n"
34,2019,11,"h"
34,2019,12,"l"
33,2019,610,"n"
33,2019,5,"h"
33,2019,5,"l"
32,2019,29,"h"
32,2019,789,"n"
32,2019,11,"l"
31,2019,42,"h"
31,2019,848,"n"
31,2019,18,"l"
30,2019,4,"h"
30,2019,154,"n"
30,2019,2,"l"
29,2019,381,"n"
29,2019,6,"h"
29,2019,11,"l"
28,2019,257,"n"
28,2019,8,"h"
28,2019,3,"l"
27,2019,7,"l"
27,2019,1,"h"
27,2019,264,"n"
26,2019,1,"h"
26,2019,1,"l"
26,2019,192,"n"
25,2019,87,"n"
25,2019,1,"l"
24,2019,2,"h"
24,2019,138,"n"
23,2019,1,"h"
23,2019,87,"n"
23,2019,2,"l"
22,2019,2,"l"
22,2019,4,"h"
22,2019,319,"n"
21,2019,8,"l"
21,2019,269,"n"
21,2019,1,"h"
20,2019,2,"h"
20,2019,5,"l"
20,2019,286,"n"
19,2019,10,"h"
19,2019,535,"n"
19,2019,3,"l"
18,2019,16,"h"
18,2019,348,"n"
18,2019,17,"l"
17,2019,305,"n"
17,2019,19,"l"
17,2019,3,"h"
16,2019,35,"h"
16,2019,71,"l"
16,2019,895,"n"
15,2019,360,"n"
15,2019,9,"h"
15,2019,7,"l"
14,2019,9,"h"
14,2019,598,"n"
14,2019,30,"l"
13,2019,16,"l"
13,2019,327,"n"
13,2019,5,"h"
12,2019,70,"h"
12,2019,79,"l"
12,2019,1427,"n"
11,2019,1804,"n"
11,2019,83,"h"
11,2019,153,"l"
10,2019,931,"n"
10,2019,18,"h"
10,2019,82,"l"
9,2019,26,"h"
9,2019,78,"l"
9,2019,701,"n"
8,2019,13,"h"
8,2019,538,"n"
8,2019,23,"l"
7,2019,15,"h"
7,2019,49,"l"
7,2019,560,"n"
6,2019,13,"l"
6,2019,399,"n"
6,2019,3,"h"
5,2019,110,"n"
5,2019,1,"h"
4,2019,104,"n"
4,2019,5,"l"
3,2019,1,"h"
3,2019,3,"l"
3,2019,107,"n"
2,2019,1,"l"
2,2019,151,"n"
1,2019,143,"n"
1,2019,1,"h"
52,2018,73,"n"
52,2018,4,"l"
51,2018,59,"n"
51,2018,2,"h"
51,2018,3,"l"
50,2018,1,"h"
50,2018,40,"n"
49,2018,37,"n"
48,2018,76,"n"
48,2018,1,"h"
47,2018,96,"n"
47,2018,1,"l"
46,2018,27,"n"
45,2018,30,"n"
44,2018,1,"l"
44,2018,110,"n"
43,2018,2,"h"
43,2018,6,"l"
43,2018,138,"n"
42,2018,1,"l"
42,2018,61,"n"
41,2018,1,"h"
41,2018,98,"n"
40,2018,225,"n"
40,2018,26,"l"
40,2018,6,"h"
39,2018,10,"h"
39,2018,479,"n"
39,2018,18,"l"
38,2018,97,"n"
38,2018,4,"h"
38,2018,5,"l"
37,2018,179,"n"
36,2018,2,"h"
36,2018,5,"l"
36,2018,137,"n"
35,2018,13,"h"
35,2018,18,"l"
35,2018,545,"n"
34,2018,11,"h"
34,2018,564,"n"
34,2018,22,"l"
33,2018,89,"h"
33,2018,1621,"n"
33,2018,85,"l"
32,2018,27,"h"
32,2018,770,"n"
32,2018,17,"l"
31,2018,4,"l"
31,2018,3,"h"
31,2018,276,"n"
30,2018,547,"n"
30,2018,7,"l"
30,2018,16,"h"
29,2018,47,"h"
29,2018,1200,"n"
29,2018,19,"l"
28,2018,10,"l"
28,2018,406,"n"
28,2018,5,"h"
27,2018,1,"h"
27,2018,104,"n"
26,2018,74,"n"
26,2018,5,"l"
26,2018,1,"h"
25,2018,1,"h"
25,2018,196,"n"
25,2018,4,"l"
24,2018,4,"h"
24,2018,217,"n"
24,2018,2,"l"
23,2018,302,"n"
23,2018,7,"h"
23,2018,5,"l"
22,2018,3,"l"
22,2018,36,"n"
22,2018,1,"h"
21,2018,1,"h"
21,2018,139,"n"
20,2018,179,"n"
20,2018,4,"h"
20,2018,1,"l"
19,2018,260,"n"
19,2018,6,"l"
19,2018,3,"h"
18,2018,1,"h"
18,2018,2,"l"
18,2018,222,"n"
17,2018,6,"h"
17,2018,153,"n"
17,2018,3,"l"
16,2018,131,"n"
16,2018,2,"l"
16,2018,3,"h"
15,2018,311,"n"
15,2018,21,"l"
15,2018,8,"h"
14,2018,6,"l"
14,2018,12,"h"
14,2018,471,"n"
13,2018,298,"n"
13,2018,4,"h"
13,2018,8,"l"
12,2018,25,"l"
12,2018,9,"h"
12,2018,323,"n"
11,2018,1,"h"
11,2018,218,"n"
11,2018,9,"l"
10,2018,3,"h"
10,2018,274,"n"
10,2018,4,"l"
9,2018,168,"n"
9,2018,1,"l"
8,2018,8,"l"
8,2018,130,"n"
7,2018,361,"n"
7,2018,29,"l"
7,2018,19,"h"
6,2018,5,"l"
6,2018,3,"h"
6,2018,184,"n"
5,2018,64,"n"
5,2018,1,"l"
4,2018,31,"n"
3,2018,29,"n"
3,2018,1,"h"
2,2018,16,"n"
1,2018,25,"n"
52,2017,24,"n"
52,2017,1,"l"
52,2017,1,"h"
51,2017,64,"n"
50,2017,112,"n"
50,2017,1,"l"
49,2017,61,"n"
48,2017,31,"n"
47,2017,57,"n"
47,2017,1,"l"
46,2017,67,"n"
46,2017,2,"h"
46,2017,4,"l"
45,2017,5,"l"
45,2017,74,"n"
44,2017,44,"n"
43,2017,1,"h"
43,2017,7,"l"
43,2017,107,"n"
42,2017,204,"n"
42,2017,8,"h"
42,2017,7,"l"
41,2017,5,"l"
41,2017,82,"n"
40,2017,157,"n"
40,2017,3,"h"
40,2017,1,"l"
39,2017,209,"n"
39,2017,7,"l"
39,2017,9,"h"
38,2017,3,"l"
38,2017,236,"n"
38,2017,3,"h"
37,2017,8,"l"
37,2017,110,"n"
36,2017,178,"n"
36,2017,5,"l"
35,2017,132,"n"
35,2017,2,"l"
35,2017,1,"h"
34,2017,9,"l"
34,2017,6,"h"
34,2017,314,"n"
33,2017,1,"l"
33,2017,99,"n"
32,2017,2,"h"
32,2017,86,"n"
31,2017,13,"l"
31,2017,516,"n"
31,2017,26,"h"
30,2017,14,"l"
30,2017,18,"h"
30,2017,805,"n"
29,2017,5,"l"
29,2017,9,"h"
29,2017,235,"n"
28,2017,1,"l"
28,2017,54,"n"
27,2017,6,"l"
27,2017,213,"n"
26,2017,1,"l"
26,2017,4,"h"
26,2017,144,"n"
25,2017,5,"h"
25,2017,82,"n"
25,2017,1,"l"
24,2017,3,"h"
24,2017,1,"l"
24,2017,139,"n"
23,2017,1,"h"
23,2017,4,"l"
23,2017,228,"n"
22,2017,114,"n"
22,2017,1,"h"
22,2017,1,"l"
21,2017,44,"n"
20,2017,89,"n"
20,2017,3,"h"
20,2017,1,"l"
19,2017,1,"l"
19,2017,87,"n"
18,2017,176,"n"
18,2017,7,"l"
18,2017,3,"h"
17,2017,197,"n"
17,2017,5,"h"
17,2017,8,"l"
16,2017,132,"n"
15,2017,165,"n"
15,2017,4,"l"
14,2017,78,"n"
14,2017,1,"l"
13,2017,30,"n"
13,2017,1,"l"
12,2017,2,"h"
12,2017,5,"l"
12,2017,92,"n"
11,2017,8,"l"
11,2017,244,"n"
11,2017,6,"h"
10,2017,2,"h"
10,2017,122,"n"
10,2017,11,"l"
9,2017,57,"n"
8,2017,1,"h"
8,2017,68,"n"
8,2017,2,"l"
7,2017,89,"n"
6,2017,146,"n"
6,2017,2,"h"
6,2017,1,"l"
5,2017,32,"n"
5,2017,1,"l"
4,2017,1,"h"
4,2017,1,"l"
4,2017,31,"n"
3,2017,36,"n"
3,2017,1,"l"
2,2017,5,"l"
2,2017,8,"h"
2,2017,250,"n"
1,2017,50,"n"
1,2017,4,"l"
53,2016,1,"h"
53,2016,46,"n"
52,2016,19,"n"
51,2016,4,"l"
51,2016,37,"n"
50,2016,160,"n"
50,2016,7,"l"
50,2016,1,"h"
49,2016,52,"n"
49,2016,1,"l"
48,2016,35,"n"
47,2016,29,"n"
46,2016,69,"n"
46,2016,1,"l"
46,2016,2,"h"
45,2016,85,"n"
45,2016,1,"h"
45,2016,1,"l"
44,2016,45,"n"
43,2016,27,"n"
42,2016,1,"l"
42,2016,92,"n"
41,2016,244,"n"
41,2016,1,"h"
41,2016,18,"l"
40,2016,10,"l"
40,2016,151,"n"
39,2016,212,"n"
39,2016,1,"h"
39,2016,15,"l"
38,2016,255,"n"
38,2016,9,"l"
38,2016,11,"h"
37,2016,3,"h"
37,2016,262,"n"
37,2016,6,"l"
36,2016,8,"l"
36,2016,6,"h"
36,2016,147,"n"
35,2016,324,"n"
35,2016,6,"h"
35,2016,6,"l"
34,2016,7,"l"
34,2016,334,"n"
34,2016,9,"h"
33,2016,791,"n"
33,2016,28,"h"
33,2016,26,"l"
32,2016,786,"n"
32,2016,25,"h"
32,2016,27,"l"
31,2016,9,"l"
31,2016,245,"n"
30,2016,1,"l"
30,2016,166,"n"
30,2016,2,"h"
29,2016,108,"n"
29,2016,1,"l"
28,2016,6,"l"
28,2016,5,"h"
28,2016,344,"n"
27,2016,7,"l"
27,2016,503,"n"
27,2016,17,"h"
26,2016,394,"n"
26,2016,6,"l"
26,2016,11,"h"
25,2016,5,"h"
25,2016,122,"n"
24,2016,3,"h"
24,2016,143,"n"
23,2016,278,"n"
23,2016,3,"l"
22,2016,109,"n"
22,2016,7,"l"
21,2016,5,"l"
21,2016,3,"h"
21,2016,177,"n"
20,2016,2,"l"
20,2016,194,"n"
20,2016,3,"h"
19,2016,9,"h"
19,2016,3,"l"
19,2016,711,"n"
18,2016,45,"l"
18,2016,948,"n"
18,2016,17,"h"
17,2016,37,"h"
17,2016,34,"l"
17,2016,1200,"n"
16,2016,2092,"n"
16,2016,110,"h"
16,2016,74,"l"
15,2016,23,"h"
15,2016,890,"n"
15,2016,31,"l"
14,2016,1797,"n"
14,2016,36,"h"
14,2016,60,"l"
13,2016,2245,"n"
13,2016,206,"l"
13,2016,86,"h"
12,2016,57,"l"
12,2016,80,"h"
12,2016,1606,"n"
11,2016,83,"l"
11,2016,983,"n"
11,2016,28,"h"
10,2016,66,"l"
10,2016,953,"n"
10,2016,34,"h"
9,2016,23,"h"
9,2016,611,"n"
9,2016,27,"l"
8,2016,818,"n"
8,2016,71,"l"
8,2016,38,"h"
7,2016,8,"l"
7,2016,502,"n"
7,2016,29,"h"
6,2016,4,"h"
6,2016,213,"n"
6,2016,3,"l"
5,2016,7,"l"
5,2016,191,"n"
5,2016,2,"h"
4,2016,366,"n"
4,2016,6,"l"
4,2016,5,"h"
3,2016,3,"l"
3,2016,211,"n"
3,2016,5,"h"
2,2016,221,"n"
2,2016,3,"l"
1,2016,288,"n"
1,2016,11,"l"
1,2016,11,"h"
53,2015,3,"h"
53,2015,64,"n"
52,2015,183,"n"
52,2015,3,"l"
51,2015,1,"h"
51,2015,91,"n"
51,2015,1,"l"
50,2015,2,"l"
50,2015,1,"h"
50,2015,90,"n"
49,2015,2,"h"
49,2015,152,"n"
49,2015,1,"l"
48,2015,55,"n"
48,2015,1,"h"
47,2015,1,"l"
47,2015,72,"n"
47,2015,1,"h"
46,2015,1,"l"
46,2015,98,"n"
46,2015,1,"h"
45,2015,82,"n"
45,2015,1,"l"
44,2015,128,"n"
44,2015,2,"l"
43,2015,7,"l"
43,2015,238,"n"
43,2015,5,"h"
42,2015,4,"l"
42,2015,3,"h"
42,2015,254,"n"
41,2015,363,"n"
41,2015,6,"l"
41,2015,6,"h"
40,2015,19,"h"
40,2015,174,"n"
40,2015,6,"l"
39,2015,16,"l"
39,2015,325,"n"
39,2015,22,"h"
38,2015,484,"n"
38,2015,16,"h"
38,2015,17,"l"
37,2015,18,"h"
37,2015,380,"n"
37,2015,3,"l"
36,2015,617,"n"
36,2015,9,"l"
36,2015,18,"h"
35,2015,23,"l"
35,2015,513,"n"
35,2015,9,"h"
34,2015,22,"l"
34,2015,641,"n"
34,2015,18,"h"
33,2015,15,"l"
33,2015,23,"h"
33,2015,482,"n"
32,2015,3,"l"
32,2015,2,"h"
32,2015,177,"n"
31,2015,824,"n"
31,2015,9,"l"
31,2015,28,"h"
30,2015,32,"l"
30,2015,976,"n"
30,2015,30,"h"
29,2015,11,"h"
29,2015,585,"n"
29,2015,7,"l"
28,2015,26,"l"
28,2015,749,"n"
28,2015,8,"h"
27,2015,26,"l"
27,2015,29,"h"
27,2015,734,"n"
26,2015,768,"n"
26,2015,28,"h"
26,2015,19,"l"
25,2015,110,"n"
25,2015,1,"h"
24,2015,189,"n"
24,2015,3,"l"
23,2015,22,"h"
23,2015,778,"n"
23,2015,17,"l"
22,2015,629,"n"
22,2015,12,"h"
22,2015,16,"l"
21,2015,316,"n"
21,2015,2,"h"
21,2015,12,"l"
20,2015,596,"n"
20,2015,16,"h"
20,2015,12,"l"
19,2015,9,"l"
19,2015,502,"n"
19,2015,9,"h"
18,2015,249,"n"
18,2015,4,"l"
18,2015,6,"h"
17,2015,30,"l"
17,2015,6,"h"
17,2015,539,"n"
16,2015,68,"l"
16,2015,42,"h"
16,2015,1185,"n"
15,2015,44,"h"
15,2015,35,"l"
15,2015,896,"n"
14,2015,29,"l"
14,2015,433,"n"
14,2015,7,"h"
13,2015,36,"h"
13,2015,41,"l"
13,2015,815,"n"
12,2015,79,"l"
12,2015,37,"h"
12,2015,1140,"n"
11,2015,68,"l"
11,2015,968,"n"
11,2015,42,"h"
10,2015,673,"n"
10,2015,30,"l"
10,2015,26,"h"
9,2015,38,"l"
9,2015,620,"n"
9,2015,16,"h"
8,2015,47,"l"
8,2015,3,"h"
8,2015,368,"n"
7,2015,46,"l"
7,2015,7,"h"
7,2015,655,"n"
6,2015,6,"h"
6,2015,1,"l"
6,2015,224,"n"
5,2015,7,"l"
5,2015,5,"h"
5,2015,250,"n"
4,2015,156,"n"
4,2015,1,"l"
4,2015,2,"h"
3,2015,9,"l"
3,2015,140,"n"
3,2015,2,"h"
2,2015,2,"h"
2,2015,35,"n"
1,2015,18,"n"
52,2014,26,"n"
51,2014,64,"n"
51,2014,5,"l"
50,2014,11,"h"
50,2014,5,"l"
50,2014,308,"n"
49,2014,1,"l"
49,2014,77,"n"
48,2014,72,"n"
47,2014,1,"l"
47,2014,89,"n"
47,2014,1,"h"
46,2014,3,"l"
46,2014,79,"n"
45,2014,2,"l"
45,2014,103,"n"
44,2014,3,"h"
44,2014,196,"n"
44,2014,7,"l"
43,2014,3,"h"
43,2014,11,"l"
43,2014,228,"n"
42,2014,281,"n"
42,2014,9,"l"
42,2014,1,"h"
41,2014,3,"l"
41,2014,111,"n"
40,2014,5,"h"
40,2014,307,"n"
40,2014,5,"l"
39,2014,20,"h"
39,2014,10,"l"
39,2014,460,"n"
38,2014,5,"h"
38,2014,36,"l"
38,2014,442,"n"
37,2014,17,"l"
37,2014,512,"n"
37,2014,9,"h"
36,2014,493,"n"
36,2014,6,"h"
36,2014,15,"l"
35,2014,3,"h"
35,2014,128,"n"
35,2014,9,"l"
34,2014,8,"h"
34,2014,10,"l"
34,2014,345,"n"
33,2014,244,"n"
33,2014,9,"l"
33,2014,3,"h"
32,2014,12,"h"
32,2014,824,"n"
32,2014,28,"l"
31,2014,796,"n"
31,2014,5,"h"
31,2014,16,"l"
30,2014,135,"h"
30,2014,2717,"n"
30,2014,57,"l"
29,2014,25,"l"
29,2014,37,"h"
29,2014,1003,"n"
28,2014,3,"l"
28,2014,174,"n"
27,2014,6,"l"
27,2014,8,"h"
27,2014,403,"n"
26,2014,1074,"n"
26,2014,29,"l"
26,2014,29,"h"
25,2014,45,"l"
25,2014,720,"n"
25,2014,25,"h"
24,2014,7,"l"
24,2014,280,"n"
24,2014,3,"h"
23,2014,263,"n"
23,2014,7,"h"
23,2014,6,"l"
22,2014,321,"n"
22,2014,13,"l"
21,2014,4,"h"
21,2014,5,"l"
21,2014,307,"n"
20,2014,406,"n"
20,2014,5,"h"
20,2014,15,"l"
19,2014,613,"n"
19,2014,7,"l"
19,2014,8,"h"
18,2014,12,"h"
18,2014,31,"l"
18,2014,601,"n"
17,2014,705,"n"
17,2014,16,"l"
17,2014,10,"h"
16,2014,26,"l"
16,2014,26,"h"
16,2014,918,"n"
15,2014,26,"h"
15,2014,82,"l"
15,2014,790,"n"
14,2014,7,"l"
14,2014,281,"n"
14,2014,2,"h"
13,2014,106,"l"
13,2014,35,"h"
13,2014,1130,"n"
12,2014,82,"l"
12,2014,790,"n"
12,2014,15,"h"
11,2014,4452,"n"
11,2014,329,"l"
11,2014,177,"h"
10,2014,4347,"n"
10,2014,228,"h"
10,2014,271,"l"
9,2014,70,"h"
9,2014,244,"l"
9,2014,2650,"n"
8,2014,1088,"n"
8,2014,66,"l"
8,2014,24,"h"
7,2014,20,"h"
7,2014,71,"l"
7,2014,855,"n"
6,2014,22,"h"
6,2014,967,"n"
6,2014,36,"l"
5,2014,667,"n"
5,2014,34,"l"
5,2014,21,"h"
4,2014,4,"h"
4,2014,5,"l"
4,2014,197,"n"
3,2014,56,"n"
3,2014,1,"l"
2,2014,3,"l"
2,2014,47,"n"
1,2014,67,"n"
52,2013,20,"n"
51,2013,1,"l"
51,2013,34,"n"
50,2013,50,"n"
49,2013,50,"n"
49,2013,2,"l"
48,2013,66,"n"
47,2013,55,"n"
46,2013,85,"n"
45,2013,4,"l"
45,2013,99,"n"
45,2013,1,"h"
44,2013,8,"l"
44,2013,262,"n"
44,2013,6,"h"
43,2013,2,"l"
43,2013,123,"n"
42,2013,6,"l"
42,2013,289,"n"
42,2013,4,"h"
41,2013,131,"n"
41,2013,4,"h"
41,2013,14,"l"
40,2013,16,"h"
40,2013,185,"n"
40,2013,12,"l"
39,2013,12,"h"
39,2013,757,"n"
39,2013,35,"l"
38,2013,69,"l"
38,2013,596,"n"
38,2013,9,"h"
37,2013,45,"n"
36,2013,217,"n"
36,2013,6,"l"
35,2013,32,"h"
35,2013,666,"n"
35,2013,14,"l"
34,2013,33,"h"
34,2013,47,"l"
34,2013,951,"n"
33,2013,56,"l"
33,2013,1228,"n"
33,2013,76,"h"
32,2013,7,"l"
32,2013,285,"n"
32,2013,3,"h"
31,2013,10,"h"
31,2013,463,"n"
31,2013,18,"l"
30,2013,1059,"n"
30,2013,66,"h"
30,2013,17,"l"
29,2013,8,"l"
29,2013,204,"n"
28,2013,2,"h"
28,2013,127,"n"
28,2013,1,"l"
27,2013,133,"n"
27,2013,1,"h"
27,2013,1,"l"
26,2013,17,"l"
26,2013,492,"n"
26,2013,10,"h"
25,2013,41,"l"
25,2013,1424,"n"
25,2013,83,"h"
24,2013,10,"l"
24,2013,28,"h"
24,2013,392,"n"
23,2013,2,"h"
23,2013,3,"l"
23,2013,335,"n"
22,2013,12,"l"
22,2013,216,"n"
22,2013,13,"h"
21,2013,1,"h"
21,2013,13,"l"
21,2013,311,"n"
20,2013,3,"l"
20,2013,3,"h"
20,2013,245,"n"
19,2013,1,"l"
19,2013,108,"n"
19,2013,2,"h"
18,2013,3,"l"
18,2013,197,"n"
18,2013,4,"h"
17,2013,8,"h"
17,2013,2,"l"
17,2013,255,"n"
16,2013,24,"l"
16,2013,213,"n"
15,2013,77,"n"
15,2013,6,"l"
14,2013,1,"h"
14,2013,243,"n"
14,2013,6,"l"
13,2013,3,"h"
13,2013,15,"l"
13,2013,445,"n"
12,2013,6,"h"
12,2013,630,"n"
12,2013,28,"l"
11,2013,13,"h"
11,2013,502,"n"
11,2013,26,"l"
10,2013,12,"l"
10,2013,285,"n"
10,2013,1,"h"
9,2013,2,"l"
9,2013,78,"n"
8,2013,13,"l"
8,2013,89,"n"
7,2013,98,"n"
6,2013,5,"l"
6,2013,3,"h"
6,2013,187,"n"
5,2013,14,"h"
5,2013,32,"l"
5,2013,624,"n"
4,2013,4,"l"
4,2013,224,"n"
4,2013,4,"h"
3,2013,3,"h"
3,2013,1,"l"
3,2013,106,"n"
2,2013,26,"n"
1,2013,39,"n"
52,2012,46,"n"
51,2012,1,"h"
51,2012,85,"n"
50,2012,3,"l"
50,2012,65,"n"
49,2012,136,"n"
49,2012,5,"l"
48,2012,5,"l"
48,2012,60,"n"
48,2012,4,"h"
47,2012,113,"n"
47,2012,6,"l"
46,2012,1,"h"
46,2012,2,"l"
46,2012,120,"n"
45,2012,39,"n"
44,2012,89,"n"
44,2012,4,"l"
43,2012,237,"n"
43,2012,8,"h"
43,2012,18,"l"
42,2012,107,"n"
42,2012,1,"h"
42,2012,3,"l"
41,2012,154,"n"
41,2012,10,"l"
40,2012,7,"l"
40,2012,11,"h"
40,2012,411,"n"
39,2012,16,"h"
39,2012,290,"n"
39,2012,11,"l"
38,2012,2,"h"
38,2012,19,"l"
38,2012,386,"n"
37,2012,581,"n"
37,2012,15,"l"
37,2012,24,"h"
36,2012,21,"l"
36,2012,12,"h"
36,2012,962,"n"
35,2012,16,"h"
35,2012,325,"n"
35,2012,10,"l"
34,2012,20,"l"
34,2012,3,"h"
34,2012,416,"n"
33,2012,35,"l"
33,2012,11,"h"
33,2012,693,"n"
32,2012,1001,"n"
32,2012,20,"h"
32,2012,15,"l"
31,2012,54,"l"
31,2012,94,"h"
31,2012,1845,"n"
30,2012,15,"l"
30,2012,579,"n"
30,2012,11,"h"
29,2012,2,"h"
29,2012,5,"l"
29,2012,110,"n"
28,2012,1,"l"
28,2012,4,"h"
28,2012,129,"n"
27,2012,5,"h"
27,2012,15,"l"
27,2012,360,"n"
26,2012,1038,"n"
26,2012,38,"h"
26,2012,34,"l"
25,2012,84,"l"
25,2012,103,"h"
25,2012,2184,"n"
24,2012,71,"h"
24,2012,95,"l"
24,2012,1523,"n"
23,2012,6,"h"
23,2012,20,"l"
23,2012,328,"n"
22,2012,26,"l"
22,2012,4,"h"
22,2012,380,"n"
21,2012,14,"h"
21,2012,6,"l"
21,2012,561,"n"
20,2012,7,"h"
20,2012,556,"n"
20,2012,15,"l"
19,2012,300,"n"
19,2012,6,"h"
19,2012,14,"l"
18,2012,2,"l"
18,2012,3,"h"
18,2012,185,"n"
17,2012,6,"l"
17,2012,209,"n"
16,2012,2,"h"
16,2012,76,"n"
15,2012,3,"h"
15,2012,100,"n"
15,2012,3,"l"
14,2012,140,"n"
14,2012,1,"l"
14,2012,2,"h"
13,2012,116,"n"
13,2012,16,"h"
13,2012,4,"l"
12,2012,11,"l"
12,2012,5,"h"
12,2012,257,"n"
11,2012,1,"h"
11,2012,64,"n"
11,2012,5,"l"
10,2012,38,"n"
10,2012,1,"l"
9,2012,1,"h"
9,2012,87,"n"
9,2012,5,"l"
8,2012,169,"n"
8,2012,1,"l"
7,2012,3,"l"
7,2012,2,"h"
7,2012,152,"n"
6,2012,20,"l"
6,2012,2,"h"
6,2012,368,"n"
5,2012,1,"h"
5,2012,99,"n"
4,2012,8,"l"
4,2012,1,"h"
4,2012,63,"n"
3,2012,31,"n"
3,2012,4,"l"
1,2012,7,"n"
